{"cameraMode":{"drawMode":0,"name":"Shaded","section":"Shading Mode"},"sceneLighting":true,"audioPlay":false,"sceneViewState":{"m_AlwaysRefresh":false,"showFog":true,"showSkybox":true,"showFlares":true,"showImageEffects":true,"showParticleSystems":true,"showVisualEffectGraphs":true,"m_FxEnabled":true},"in2DMode":false,"pivot":{"x":574.4138793945313,"y":510.1254577636719,"z":1146.7283935546875},"rotation":{"x":0.005440874956548214,"y":-0.995103657245636,"z":0.07205547392368317,"w":0.06956536322832108},"size":1.4687784910202027,"orthographic":false}