{"cameraMode":{"drawMode":0,"name":"Shaded","section":"Shading Mode"},"sceneLighting":false,"audioPlay":false,"sceneViewState":{"m_AlwaysRefresh":false,"showFog":true,"showSkybox":false,"showFlares":true,"showImageEffects":true,"showParticleSystems":true,"showVisualEffectGraphs":true,"m_FxEnabled":true},"in2DMode":false,"pivot":{"x":-0.14262205362319947,"y":1.4484835863113404,"z":-13.518284797668457},"rotation":{"x":-0.02245688997209072,"y":0.6317235827445984,"z":-0.01804855838418007,"w":-0.7747616767883301},"size":2.231393337249756,"orthographic":false}