{"cameraMode":{"drawMode":0,"name":"Shaded","section":"Shading Mode"},"sceneLighting":false,"audioPlay":false,"sceneViewState":{"m_AlwaysRefresh":false,"showFog":true,"showSkybox":false,"showFlares":true,"showImageEffects":true,"showParticleSystems":true,"showVisualEffectGraphs":true,"m_FxEnabled":true},"in2DMode":false,"pivot":{"x":-0.14542049169540406,"y":1.4590729475021363,"z":-13.50471305847168},"rotation":{"x":-0.16604869067668916,"y":0.3329789936542511,"z":-0.05953149124979973,"w":-0.9263693690299988},"size":2.3282792568206789,"orthographic":false}